{
  "log": {
      "disabled": true,
      "level": "info",
      "timestamp": true
  },
  "dns": {
      "servers": [
          {
              "tag": "google",
              "address": "tls://8.8.8.8",
              "strategy": "ipv4_only",
              "detour": "direct"
          }
      ],
      "rules": [
          {
              "rule_set": [
                  "geosite-openai"
              ],
              "server": "wireguard"
          },
          {
              "rule_set": [
                  "geosite-netflix"
              ],
              "server": "wireguard"
          },
          {
              "rule_set": [
                  "geosite-category-ads-all"
              ],
              "server": "block"
          }
      ],
      "final": "google",
      "strategy": "",
      "disable_cache": false,
      "disable_expire": false
  },
  "inbounds": [
      {
          "tag": "hysteria_tag_1",
          "type": "hysteria2",
          "listen": "{{IP_1}}",
          "listen_port": 33333,
          "users": [
              {
                  "password": "a03e977f-6491-42a2-b56d-abbab6c3a9ac"
              }
          ],
          "masquerade": "https://bing.com",
          "tls": {
              "enabled": true,
              "alpn": [
                  "h3"
              ],
              "certificate_path": "cert.pem",
              "key_path": "private.key"
          }
      },
      {
          "tag": "hysteria_tag_2",
          "type": "hysteria2",
          "listen": "{{IP_2}}",
          "listen_port": 44444,
          "users": [
              {
                  "password": "a03e977f-6491-42a2-b56d-abbab6c3a9ac"
              }
          ],
          "masquerade": "https://bing.com",
          "tls": {
              "enabled": true,
              "alpn": [
                  "h3"
              ],
              "certificate_path": "cert.pem",
              "key_path": "private.key"
          }
      },
      {
          "tag": "hysteria_tag_3",
          "type": "hysteria2",
          "listen": "{{IP_3}}",
          "listen_port": 55555,
          "users": [
              {
                  "password": "a03e977f-6491-42a2-b56d-abbab6c3a9ac"
              }
          ],
          "masquerade": "https://bing.com",
          "tls": {
              "enabled": true,
              "alpn": [
                  "h3"
              ],
              "certificate_path": "cert.pem",
              "key_path": "private.key"
          }
      }
  ],
  "outbounds": [
      {
          "type": "direct",
          "tag": "direct"
      },
      {
          "type": "block",
          "tag": "block"
      },
      {
          "type": "dns",
          "tag": "dns-out"
      },
      {
          "type": "wireguard",
          "tag": "wireguard-out",
          "server": "162.159.195.100",
          "server_port": 4500,
          "local_address": [
              "172.16.0.2/32",
              "2606:4700:110:83c7:b31f:5858:b3a8:c6b1/128"
          ],
          "private_key": "mPZo+V9qlrMGCZ7+E6z2NI6NOV34PD++TpAR09PtCWI=",
          "peer_public_key": "bmXOC+F1FxEMF9dyiK2H5/1SUtzH0JuVo51h2wPfgyo=",
          "reserved": [
              26,
              21,
              228
          ]
      }
  ],
  "route": {
      "rules": [
          {
              "protocol": "dns",
              "outbound": "dns-out"
          },
          {
              "ip_is_private": true,
              "outbound": "direct"
          },
          {
              "rule_set": [
                  "geosite-openai"
              ],
              "outbound": "wireguard-out"
          },
          {
              "rule_set": [
                  "geosite-netflix"
              ],
              "outbound": "wireguard-out"
          },
          {
              "rule_set": [
                  "geosite-category-ads-all"
              ],
              "outbound": "block"
          }
      ],
      "rule_set": [
          {
              "tag": "geosite-netflix",
              "type": "remote",
              "format": "binary",
              "url": "https://raw.githubusercontent.com/SagerNet/sing-geosite/rule-set/geosite-netflix.srs",
              "download_detour": "direct"
          },
          {
              "tag": "geosite-openai",
              "type": "remote",
              "format": "binary",
              "url": "https://raw.githubusercontent.com/MetaCubeX/meta-rules-dat/sing/geo/geosite/openai.srs",
              "download_detour": "direct"
          },
          {
              "tag": "geosite-category-ads-all",
              "type": "remote",
              "format": "binary",
              "url": "https://raw.githubusercontent.com/SagerNet/sing-geosite/rule-set/geosite-category-ads-all.srs",
              "download_detour": "direct"
          }
      ],
      "final": "direct"
  },
  "experimental": {
      "cache_file": {
          "path": "cache.db",
          "cache_id": "mycacheid",
          "store_fakeip": true
      }
  }
}